{ "csvData": [
    {
       "customer_id":"A001",
       "fiirstname":"aaaa",
       "lastname":"bbbb",
       "age":59,
       "gender":"M",
       "address":"QWEFWEFQ",
       "zipcode":11111,
       "segment":"Segment 1",
       "churn_probability":0.707,
       "cltv_index":76,
       "spend_jan":26534,
       "spend_feb":42583,
       "spend_march":41244,
       "spend_april":25312,
       "spend_may":41615,
       "spend_june":22746,
       "atv_jan":56,
       "atv_feb":126,
       "atv_mar":110,
       "atv_apr":112,
       "atv_may":91,
       "atv_june":78
    },
    {
       "customer_id":"A002",
       "fiirstname":"cccc",
       "lastname":"dddd",
       "age":47,
       "gender":"F",
       "address":"WEFWEF",
       "zipcode":22222,
       "segment":"Segment 2",
       "churn_probability":0.879,
       "cltv_index":122,
       "spend_jan":16058,
       "spend_feb":30223,
       "spend_march":26068,
       "spend_april":32322,
       "spend_may":23865,
       "spend_june":14362,
       "atv_jan":140,
       "atv_feb":150,
       "atv_mar":91,
       "atv_apr":122,
       "atv_may":122,
       "atv_june":133
    },
    {
       "customer_id":"A003",
       "fiirstname":"eeee",
       "lastname":"ffff",
       "age":32,
       "gender":"M",
       "address":"EWFRVRETV",
       "zipcode":33333,
       "segment":"Segment 3",
       "churn_probability":0.933,
       "cltv_index":78,
       "spend_jan":11541,
       "spend_feb":35848,
       "spend_march":23691,
       "spend_april":48281,
       "spend_may":36270,
       "spend_june":27763,
       "atv_jan":110,
       "atv_feb":147,
       "atv_mar":63,
       "atv_apr":66,
       "atv_may":141,
       "atv_june":83
    },
    {
       "customer_id":"A004",
       "fiirstname":"gggg",
       "lastname":"hhhh",
       "age":49,
       "gender":"F",
       "address":"YBTY",
       "zipcode":44444,
       "segment":"Segment 1",
       "churn_probability":0.149,
       "cltv_index":55,
       "spend_jan":36900,
       "spend_feb":31754,
       "spend_march":14364,
       "spend_april":15775,
       "spend_may":22510,
       "spend_june":37552,
       "atv_jan":138,
       "atv_feb":142,
       "atv_mar":69,
       "atv_apr":138,
       "atv_may":103,
       "atv_june":62
    },
    {
       "customer_id":"A005",
       "fiirstname":"iiii",
       "lastname":"jjjj",
       "age":53,
       "gender":"M",
       "address":"TYYBERBVTW",
       "zipcode":55555,
       "segment":"Segment 2",
       "churn_probability":0.646,
       "cltv_index":24,
       "spend_jan":12771,
       "spend_feb":20579,
       "spend_march":36086,
       "spend_april":25893,
       "spend_may":29477,
       "spend_june":16587,
       "atv_jan":72,
       "atv_feb":94,
       "atv_mar":112,
       "atv_apr":79,
       "atv_may":58,
       "atv_june":135
    },
    {
       "customer_id":"A006",
       "fiirstname":"kkkk",
       "lastname":"llll",
       "age":46,
       "gender":"F",
       "address":"TTRWVTR",
       "zipcode":66666,
       "segment":"Segment 3",
       "churn_probability":0.866,
       "cltv_index":116,
       "spend_jan":35505,
       "spend_feb":19395,
       "spend_march":47762,
       "spend_april":42553,
       "spend_may":42619,
       "spend_june":34279,
       "atv_jan":107,
       "atv_feb":83,
       "atv_mar":61,
       "atv_apr":73,
       "atv_may":82,
       "atv_june":73
    },
    {
       "customer_id":"A007",
       "fiirstname":"mmmm",
       "lastname":"nnnn",
       "age":50,
       "gender":"M",
       "address":"TBRB",
       "zipcode":77777,
       "segment":"Segment 1",
       "churn_probability":0.41,
       "cltv_index":109,
       "spend_jan":16290,
       "spend_feb":42320,
       "spend_march":39917,
       "spend_april":41968,
       "spend_may":44518,
       "spend_june":18184,
       "atv_jan":87,
       "atv_feb":87,
       "atv_mar":120,
       "atv_apr":92,
       "atv_may":82,
       "atv_june":115
    },
    {
       "customer_id":"A008",
       "fiirstname":"oooo",
       "lastname":"pppp",
       "age":52,
       "gender":"M",
       "address":"TBRB",
       "zipcode":88888,
       "segment":"Segment 1",
       "churn_probability":0.591,
       "cltv_index":128,
       "spend_jan":29165,
       "spend_feb":19531,
       "spend_march":39893,
       "spend_april":42215,
       "spend_may":48940,
       "spend_june":47028,
       "atv_jan":90,
       "atv_feb":91,
       "atv_mar":62,
       "atv_apr":109,
       "atv_may":150,
       "atv_june":94
    },
    {
       "customer_id":"A009",
       "fiirstname":"qqqq",
       "lastname":"rrrr",
       "age":54,
       "gender":"F",
       "address":"BTB",
       "zipcode":99999,
       "segment":"Segment 2",
       "churn_probability":0.491,
       "cltv_index":113,
       "spend_jan":30695,
       "spend_feb":44401,
       "spend_march":24625,
       "spend_april":37236,
       "spend_may":31487,
       "spend_june":23403,
       "atv_jan":112,
       "atv_feb":111,
       "atv_mar":83,
       "atv_apr":51,
       "atv_may":95,
       "atv_june":82
    },
    {
       "customer_id":"A010",
       "fiirstname":"ssss",
       "lastname":"tttt",
       "age":58,
       "gender":"M",
       "address":"BB",
       "zipcode":12345,
       "segment":"Segment 3",
       "churn_probability":0.876,
       "cltv_index":63,
       "spend_jan":26220,
       "spend_feb":22817,
       "spend_march":46272,
       "spend_april":21700,
       "spend_may":44455,
       "spend_june":22551,
       "atv_jan":97,
       "atv_feb":121,
       "atv_mar":143,
       "atv_apr":58,
       "atv_may":141,
       "atv_june":107
    }
 ]
}