{
   "customerJourneyData" : [
          {
            "customer_id": 10003412,
            "customer_name" : "Linda James",
            "traits" : [
                    "wants to avoid to go to offline store",
                    "Enjoys telling friends about the product ",
                    "Value reviews"
                ],
            "steps" :[        { 
              "Id": 1,
              "state" : "awareness",
              "step" : "Description",
              "Description" : " Hears about the product while listening to podcast" ,
              "Customer Attributes": "Demography:32, Female Demography Segment: NA",
              "Product Attributes": "Shopping Mission: NA, Product Segment: NA" ,
              "Transactional Attributes": "Affluence Segment: NA, Loyalty Segment: One timers (Oncers), Channel: Offline",
              "Next Best Action": "Offer Type: Repeat visit Repeat Purchase, Offer: 10% Discount on purchase within 30 days",
              "status": {
                "value": "interested",
                "Reason": "Custoer is aware about the brand but has made just one visit. Need to incentivize the customer to visit again"
                }
             },
{ 
               "Id": 2,
              "state" :"interest",
              "step" : "Customer Attributes",
              "Description" : "Goes to the website to learn more" ,
              "Customer Attributes": "Demography: 32, Female Demography Segment: NA",
              "Product Attributes": "Shopping Missions: NA, Product Segment: Upmarket" ,
              "Transactional Attributes": "Affluence Segment: NA, Loyalty Segment: Repeat Visiter, Channel: Offline",
              "Next Best Action": "Offer Type: Engagement Cross Sell, offer: 12% discount on purchase of apparels of upmarket luxury brands",
              "status": {
                "value": "positive",
                "Reason": "Customer is interested in the brand and needs to be engaged with the brand with another product to increase department penetration"
                }
             },
{ 
              "Id": 3,
              "state" :"purchase",
              "step" : "Product Attributes",
              "Description" : "Sees a promo code and uses it to purchase" ,
              "Customer Attributes": "Demography: 32, Female Demography Segment: Young Achiever ",
              "Product Attributes": "Shopping Mission: Bulk Shopper, Product Segment: Upmarket" ,
              "Transactional Attributes": "Affluence Segment: NA, Loyalty Segment: Potential Loyal, Channel: Preferably offline",
              "Next Best Action": "Offer Type: Cross sell Cross Sell, Offer: 15% discount on purchase of 3 products from 3 different department (10% for 2 departments)",
              "status": {
                "value": "positive",
                "Reason": "Customer has made multiple purchases in the same department. Need to incentivise customer to purchase from multiple departments"
                }
             },
{ 
               "Id": 4,
              "state" :"experience",
              "step": "Transactional Attributes",
              "Description" : "Receive the product" ,
              "Customer Attributes": "Demography: 32, Female Demography Segment: Young Achiever ",
              "Product Attributes": "Shopping Mission: Bulk Shopper, Product Segment: Brand Conscious" ,
              "Transactional Attributes": "Affluence Segment: NA, Loyalty Segment: Loyal, Channel:  Preferably offline",
              "Next Best Action": "Offer Type: Up-sell Up-sell, offer: Buy 2 products and get one free if transaction value exceeds $250",
              "status": {
                "value": "positive",
                "Reason": "Customer needs to be rewarded for her purchase with the brand, need an incentive to visit again and increase the Avg. Transaction Value"
                }
             },

{ 
               "Id": 5,
              "state" :"loyalty",
              "step":"Next Best Action",
              "Description" : "Loyal to product and becomes brand advocate" ,
              "Customer Attributes": "Demography: 32, Female Demography Segment: Young Achiever",
              "Product Attributes": "Shopping Mission: Bulk Shopper, Product Segment: Upmarket, Brand Conscious " ,
              "Transactional Attributes": "Affluence Segment: High Affluent Loyalty, Segment: High Loyal, Channel: Primarily Offline" ,
              "Next Best Action": "Offer Type: Reward, Reward offer: 2x Loyalty points on the next visit for purchase above $150",
              "status": {
                "value": "very positive",
                "Reason": "Customer is loyal to the brand and the brand needs to reward the customer for loyalty with a free gift or access to exclusive merchandise"
                }
             }
                                 
                    ]
            
          },
          {
            "customer_id": 10003411,
            "customer_name" : "Kiara George",
            "traits" : [
                    "wants to avoid to go to offline store",
                    "Enjoys telling friends about the product ",
                    "Value reviews"
                ],
            "steps" :[        { 
              "Id": 1,
              "state" : "awareness",
              "step" : "Description",
              "Description" : " Hears about the product while listening to podcast" ,
              "Customer Attributes": "Demography:32, Female Demography Segment: NA",
              "Product Attributes": "Shopping Mission: NA, Product Segment: NA" ,
              "Transactional Attributes": "Affluence Segment: NA, Loyalty Segment: One timers (Oncers), Channel: Offline",
              "Next Best Action": "Offer Type: Repeat visit Repeat Purchase, Offer: 10% Discount on purchase within 30 days",
              "status": {
                "value": "interested",
                "Reason": "Custoer is aware about the brand but has made just one visit. Need to incentivize the customer to visit again"
                }
             },
{ 
               "Id": 2,
              "state" :"interest",
              "step" : "Customer Attributes",
              "Description" : "Goes to the website to learn more" ,
              "Customer Attributes": "Demography: 32, Female Demography Segment: NA",
              "Product Attributes": "Shopping Missions: NA, Product Segment: Upmarket" ,
              "Transactional Attributes": "Affluence Segment: NA, Loyalty Segment: Repeat Visiter, Channel: Offline",
              "Next Best Action": "Offer Type: Engagement Cross Sell, offer: 12% discount on purchase of apparels of upmarket luxury brands",
              "status": {
                "value": "positive",
                "Reason": "Customer is interested in the brand and needs to be engaged with the brand with another product to increase department penetration"
                }
             },
{ 
              "Id": 3,
              "state" :"purchase",
              "step" : "Product Attributes",
              "Description" : "Sees a promo code and uses it to purchase" ,
              "Customer Attributes": "Demography: 32, Female Demography Segment: Young Achiever ",
              "Product Attributes": "Shopping Mission: Bulk Shopper, Product Segment: Upmarket" ,
              "Transactional Attributes": "Affluence Segment: NA, Loyalty Segment: Potential Loyal, Channel: Preferably offline",
              "Next Best Action": "Offer Type: Cross sell Cross Sell, Offer: 15% discount on purchase of 3 products from 3 different department (10% for 2 departments)",
              "status": {
                "value": "positive",
                "Reason": "Customer has made multiple purchases in the same department. Need to incentivise customer to purchase from multiple departments"
                }
             },
{ 
               "Id": 4,
              "state" :"experience",
              "step": "Transactional Attributes",
              "Description" : "Receive the product" ,
              "Customer Attributes": "Demography: 32, Female Demography Segment: Young Achiever ",
              "Product Attributes": "Shopping Mission: Bulk Shopper, Product Segment: Brand Conscious" ,
              "Transactional Attributes": "Affluence Segment: NA, Loyalty Segment: Loyal, Channel:  Preferably offline",
              "Next Best Action": "Offer Type: Up-sell Up-sell, offer: Buy 2 products and get one free if transaction value exceeds $250",
              "status": {
                "value": "positive",
                "Reason": "Customer needs to be rewarded for her purchase with the brand, need an incentive to visit again and increase the Avg. Transaction Value"
                }
             }
             ,
             { 
              "Id": 5,
             "state" :"loyalty",
             "step": "Next Best Action",
             "Description" : "" ,
             "Customer Attributes": "",
             "Product Attributes": "" ,
             "Transactional Attributes": "",
             "Next Best Action": "",
             "status": {
               "value": "",
               "Reason": ""
               }
            }
                                 
                    ]
            
          },
          {
            "customer_id": 10003410,
            "customer_name" : "Katie William",
            "traits" : [
                    "wants to avoid to go to offline store",
                    "Enjoys telling friends about the product ",
                    "Value reviews"
                ],
            "steps" :[        { 
              "Id": 1,
              "state" : "awareness",
              "step" : "Description",
              "Description" : " Hears about the product while listening to podcast" ,
              "Customer Attributes": "Demography:32, Female Demography Segment: NA",
              "Product Attributes": "Shopping Mission: NA, Product Segment: NA" ,
              "Transactional Attributes": "Affluence Segment: NA, Loyalty Segment: One timers (Oncers), Channel: Offline",
              "Next Best Action": "Offer Type: Repeat visit Repeat Purchase, Offer: 10% Discount on purchase within 30 days",
              "status": {
                "value": "interested",
                "Reason": "Custoer is aware about the brand but has made just one visit. Need to incentivize the customer to visit again"
                }
             },
{ 
               "Id": 2,
              "state" :"interest",
              "step" : "Customer Attributes",
              "Description" : "Goes to the website to learn more" ,
              "Customer Attributes": "Demography: 32, Female Demography Segment: NA",
              "Product Attributes": "Shopping Missions: NA, Product Segment: Upmarket" ,
              "Transactional Attributes": "Affluence Segment: NA, Loyalty Segment: Repeat Visiter, Channel: Offline",
              "Next Best Action": "Offer Type: Engagement Cross Sell, offer: 12% discount on purchase of apparels of upmarket luxury brands",
              "status": {
                "value": "positive",
                "Reason": "Customer is interested in the brand and needs to be engaged with the brand with another product to increase department penetration"
                }
             },
{ 
              "Id": 3,
              "state" :"purchase",
              "step" : "Product Attributes",
              "Description" : "Sees a promo code and uses it to purchase" ,
              "Customer Attributes": "Demography: 32, Female Demography Segment: Young Achiever ",
              "Product Attributes": "Shopping Mission: Bulk Shopper, Product Segment: Upmarket" ,
              "Transactional Attributes": "Affluence Segment: NA, Loyalty Segment: Potential Loyal, Channel: Preferably offline",
              "Next Best Action": "Offer Type: Cross sell Cross Sell, Offer: 15% discount on purchase of 3 products from 3 different department (10% for 2 departments)",
              "status": {
                "value": "positive",
                "Reason": "Customer has made multiple purchases in the same department. Need to incentivise customer to purchase from multiple departments"
                }
             },
             { 
              "Id": 4,
             "state" :"experience",
             "step": "Transactional Attributes",
             "Description" : "" ,
             "Customer Attributes": "",
             "Product Attributes": "" ,
             "Transactional Attributes": "",
             "Next Best Action": "",
             "status": {
               "value": "",
               "Reason": ""
               }
            }
            ,
            { 
             "Id": 5,
            "state" :"loyalty",
            "step": "Next Best Action",
            "Description" : "" ,
            "Customer Attributes": "",
            "Product Attributes": "" ,
            "Transactional Attributes": "",
            "Next Best Action": "",
            "status": {
              "value": "",
              "Reason": ""
              }
           }
                                 
                    ]
            
          },
          {
            "customer_id": 10003409,
            "customer_name" : "Victoria Tussads",
            "traits" : [
                    "wants to avoid to go to offline store",
                    "Enjoys telling friends about the product ",
                    "Value reviews"
                ],
            "steps" :[        { 
              "Id": 1,
              "state" : "awareness",
              "step" : "Description",
              "Description" : " Hears about the product while listening to podcast" ,
              "Customer Attributes": "Demography:32, Female Demography Segment: NA",
              "Product Attributes": "Shopping Mission: NA, Product Segment: NA" ,
              "Transactional Attributes": "Affluence Segment: NA, Loyalty Segment: One timers (Oncers), Channel: Offline",
              "Next Best Action": "Offer Type: Repeat visit Repeat Purchase, Offer: 10% Discount on purchase within 30 days",
              "status": {
                "value": "interested",
                "Reason": "Custoer is aware about the brand but has made just one visit. Need to incentivize the customer to visit again"
                }
             },
{ 
               "Id": 2,
              "state" :"interest",
              "step" : "Customer Attributes",
              "Description" : "Goes to the website to learn more" ,
              "Customer Attributes": "Demography: 32, Female Demography Segment: NA",
              "Product Attributes": "Shopping Missions: NA, Product Segment: Upmarket" ,
              "Transactional Attributes": "Affluence Segment: NA, Loyalty Segment: Repeat Visiter, Channel: Offline",
              "Next Best Action": "Offer Type: Engagement Cross Sell, offer: 12% discount on purchase of apparels of upmarket luxury brands",
              "status": {
                "value": "positive",
                "Reason": "Customer is interested in the brand and needs to be engaged with the brand with another product to increase department penetration"
                }
             },
             { 
              "Id": 3,
              "state" :"purchase",
              "step" : "Product Attributes",
              "Description" : "" ,
              "Customer Attributes": "",
              "Product Attributes": "" ,
              "Transactional Attributes": "",
              "Next Best Action": "",
              "status": {
                "value": "",
                "Reason": ""
                }
             },
             { 
              "Id": 4,
             "state" :"experience",
             "step": "Transactional Attributes",
             "Description" : "" ,
             "Customer Attributes": "",
             "Product Attributes": "" ,
             "Transactional Attributes": "",
             "Next Best Action": "",
             "status": {
               "value": "",
               "Reason": ""
               }
            }
            ,
            { 
             "Id": 5,
            "state" :"loyalty",
            "step": "Next Best Action",
            "Description" : "" ,
            "Customer Attributes": "",
            "Product Attributes": "" ,
            "Transactional Attributes": "",
            "Next Best Action": "",
            "status": {
              "value": "",
              "Reason": ""
              }
           }
     
                    ]
            
          },
          {
            "customer_id": 10003408,
            "customer_name" : "Mary June",
            "traits" : [
                    "wants to avoid to go to offline store",
                    "Enjoys telling friends about the product ",
                    "Value reviews"
                ],
            "steps" :[        { 
              "Id": 1,
              "state" : "awareness",
              "step" : "Description",
              "Description" : " Hears about the product while listening to podcast" ,
              "Customer Attributes": "Demography:32, Female Demography Segment: NA",
              "Product Attributes": "Shopping Mission: NA, Product Segment: NA" ,
              "Transactional Attributes": "Affluence Segment: NA, Loyalty Segment: One timers (Oncers), Channel: Offline",
              "Next Best Action": "Offer Type: Repeat visit Repeat Purchase, Offer: 10% Discount on purchase within 30 days",
              "status": {
                "value": "interested",
                "Reason": "Custoer is aware about the brand but has made just one visit. Need to incentivize the customer to visit again"
                }
             },
             { 
              "Id": 2,
             "state" :"interest",
             "step" : "Customer Attributes",
             "Description" : "" ,
             "Customer Attributes": "",
             "Product Attributes": "" ,
             "Transactional Attributes": "",
             "Next Best Action": "",
             "status": {
               "value": "",
               "Reason": ""
               }
            },
            { 
             "Id": 3,
             "state" :"purchase",
             "step" : "Product Attributes",
             "Description" : "" ,
             "Customer Attributes": "",
             "Product Attributes": "" ,
             "Transactional Attributes": "",
             "Next Best Action": "",
             "status": {
               "value": "",
               "Reason": ""
               }
            },
            { 
             "Id": 4,
            "state" :"experience",
            "step": "Transactional Attributes",
            "Description" : "" ,
            "Customer Attributes": "",
            "Product Attributes": "" ,
            "Transactional Attributes": "",
            "Next Best Action": "",
            "status": {
              "value": "",
              "Reason": ""
              }
           }
           ,
           { 
            "Id": 5,
           "state" :"loyalty",
           "step": "Next Best Action",
           "Description" : "" ,
           "Customer Attributes": "",
           "Product Attributes": "" ,
           "Transactional Attributes": "",
           "Next Best Action": "",
           "status": {
             "value": "",
             "Reason": ""
             }
          }
    
                                 
                    ]
            
          }
        ]
   
  }