{
    "employees": [
      {
        "id": 1,
        "first_name": "John",
        "last_name": "Doe",
        "email": "johndoe@abc.com",
        "gender": "Male",
        "status": "Terminated",
        "recovery_value": 23.2,
        "total_size_in_MB": 15623.14
      },
      {
        "id": 2,
        "first_name": "Jane, test ",
        "last_name": "Doe",
        "email": "janedoe@abc.com",
        "gender": "Female",
        "status": "New",
        "total_size_in_MB": 123.1
      },
      {
        "id": 3,
        "first_name": "Alice",
        "last_name": "Doe",
        "email": "alicedoe@abc.com",
        "gender": "Female",
        "status": "Leaving",
        "recovery_value": 29.2,
        "total_size_in_MB": 654.13

      },
      {
        "id": 4,
        "first_name": "Bob",
        "last_name": "Doe",
        "email": "bobdoe@abc.com",
         "gender": "Male",
        "status": "Active",
        "recovery_value": 26.2,
        "total_size_in_MB": 444.12

      }
    ]
  }