{
    "task_instances": [
        {
            "dag_id": "databricks_iris_dag",
            "duration": 242.722057,
            "end_date": "2022-02-02T10:05:11.950080+00:00",
            "execution_date": "2022-02-02T10:01:06.604327+00:00",
            "executor_config": "{}",
            "hostname": "pe1ummlrdp01.internal.cloudapp.net",
            "max_tries": 1,
            "operator": "DatabricksSubmitRunOperator",
            "pid": 3785731,
            "pool": "default_pool",
            "pool_slots": 1,
            "priority_weight": 3,
            "queue": "default",
            "queued_when": "2022-02-02T10:01:07.370638+00:00",
            "sla_miss": null,
            "start_date": "2022-02-02T10:01:09.228023+00:00",
            "state": "success",
            "task_id": "iris_eda",
            "try_number": 1,
            "unixname": "azureuser"
        },
        {
            "dag_id": "databricks_iris_dag",
            "duration": null,
            "end_date": null,
            "execution_date": "2022-02-02T10:01:06.604327+00:00",
            "executor_config": "{}",
            "hostname": "pe1ummlrdp01.internal.cloudapp.net",
            "max_tries": 1,
            "operator": "DatabricksSubmitRunOperator",
            "pid": 3785738,
            "pool": "default_pool",
            "pool_slots": 1,
            "priority_weight": 2,
            "queue": "default",
            "queued_when": "2022-02-02T10:05:12.655988+00:00",
            "sla_miss": null,
            "start_date": "2022-02-02T10:05:14.491375+00:00",
            "state": "running",
            "task_id": "iris_data_prep",
            "try_number": 1,
            "unixname": "azureuser"
        },
        {
            "dag_id": "databricks_iris_dag",
            "duration": null,
            "end_date": null,
            "execution_date": "2022-02-02T10:01:06.604327+00:00",
            "executor_config": "{}",
            "hostname": "",
            "max_tries": 1,
            "operator": "DatabricksSubmitRunOperator",
            "pid": null,
            "pool": "default_pool",
            "pool_slots": 1,
            "priority_weight": 1,
            "queue": "default",
            "queued_when": null,
            "sla_miss": null,
            "start_date": null,
            "state": null,
            "task_id": "iris_model_training",
            "try_number": 0,
            "unixname": "azureuser"
        }
    ],
    "total_entries": 3
}